n,Triton (fused),Torch (baseline),Torch (pc filter)
10000.000000,8.187280,9.023429,88.903852
20000.000000,10.245342,15.012427,95.142067
40000.000000,13.117130,24.082278,107.439961
60000.000000,16.727204,33.464508,116.561440
80000.000000,19.754502,43.465734,122.852536
90000.000000,20.614444,48.386672,126.854230
