n,three_levels_v1,three_levels_v2,three_levels_v3,two_levels,torch_all_scores
10000.000000,10.153150,8.356803,29.700780,8.158400,9.049830
20000.000000,12.317514,11.374829,33.233492,10.336625,14.781289
40000.000000,15.956364,14.430469,38.136809,13.206940,24.262711
60000.000000,19.176916,18.492692,36.039733,16.532956,33.392378
80000.000000,22.673703,21.490535,39.555469,19.799172,43.280909
90000.000000,23.604543,22.323802,41.950909,20.658183,48.421757
