BLOCK_C,Triton (fused),Torch (baseline)
1.000000,20.089100,24.102611
2.000000,15.501462,24.144587
4.000000,13.773183,24.370801
8.000000,13.673605,24.146087
