n,Triton (fused),Torch (baseline),Torch (pc filter)
10000.000000,8.213506,9.241892,89.813309
20000.000000,10.805646,14.930133,94.300993
40000.000000,13.647152,24.164508,106.551961
60000.000000,16.477722,33.574098,116.998758
80000.000000,19.674713,43.522545,122.887724
90000.000000,20.648762,48.481740,127.430262
