n,Triton (b=4),Torch (b=4),Triton (b=8),Torch (b=8),Triton (b=16),Torch (b=16),Triton (b=32),Torch (b=32),Triton (b=64),Torch (b=64)
10000.000000,8.351214,8.327948,8.182162,8.160414,8.298529,8.336155,8.560935,8.503884,9.103221,9.078494
20000.000000,10.618649,10.620695,10.268915,10.254228,10.336417,10.321655,10.866592,10.820105,12.223476,12.183502
40000.000000,15.158865,15.042613,13.301650,13.172325,14.407093,14.394240,15.747140,15.900141,16.717591,16.657538
60000.000000,18.744381,18.742476,16.464970,16.515933,18.195918,18.261878,20.177649,20.247588,21.954899,22.005072
80000.000000,22.814665,22.792418,19.581628,19.701589,21.030211,21.115128,24.234555,24.251397,26.557034,26.553968
90000.000000,24.701871,24.720757,20.628323,20.749958,22.491103,22.491692,24.945274,24.994050,28.328962,28.237299
