n,three_levels_v1,three_levels_v2,three_levels_v3,two_levels,torch_all_scores
10000.000000,8.159845,8.593167,29.701479,8.206032,9.207401
20000.000000,8.510591,11.814431,32.977082,10.787388,14.696466
40000.000000,11.113899,14.719894,37.933229,13.544636,24.360282
60000.000000,12.682984,17.861940,35.979284,16.442162,33.360437
80000.000000,14.373129,20.970159,39.777196,19.673127,43.407387
90000.000000,14.426514,23.544658,42.003659,20.646367,48.320561
