n,two_4,two_8,two_16,two_32,two_64,three_4,three_8,three_16,three_32,three_64
10000.000000,10.246123,10.214504,10.205133,10.249532,11.596191,10.217984,12.262284,16.375416,28.577787,609.515968
20000.000000,12.303573,12.292601,12.272655,12.822700,14.078043,12.230390,13.493758,18.150694,30.683942,607.834667
40000.000000,16.425013,14.414175,14.885041,16.368995,18.309451,14.269680,14.860439,20.427789,34.736883,626.158882
60000.000000,20.491189,18.253584,18.393676,19.489532,20.631712,16.320533,16.778399,22.471228,38.881070,624.373332
80000.000000,24.639726,19.584654,20.440123,22.519222,24.800897,18.249520,18.420614,24.614035,45.282211,651.059201
90000.000000,26.629147,20.497331,22.421628,24.440474,26.868177,18.486379,20.383782,25.609111,45.974744,659.602064
